Workbook

Sheet Products
A1: Catalog # | B1: Category | C1: Genre | D1: Product / Album | E1: Artist | F1: Price (TL) | G1: Stock | H1: In Stock?
A2: VS-LP-001 | B2: Vinyl | C2: Jazz | D2: In the Wee Small Hours | E2: Frank Sinatra | F2: 1450 | G2: 12 | H2: =IF(G2>0,"Yes","No") -> Yes
A3: VS-LP-002 | B3: Vinyl | C3: Jazz | D3: Come Fly with Me | E3: Frank Sinatra | F3: 1350 | G3: 9 | H3: =IF(G3>0,"Yes","No") -> Yes
A4: VS-LP-003 | B4: Vinyl | C4: Jazz | D4: Satch Plays Fats | E4: Louis Armstrong | F4: 1250 | G4: 6 | H4: =IF(G4>0,"Yes","No") -> Yes
A5: VS-LP-004 | B5: Vinyl | C5: Jazz | D5: Hello, Dolly! | E5: Louis Armstrong | F5: 1150 | G5: 0 | H5: =IF(G5>0,"Yes","No") -> No
A6: VS-LP-005 | B6: Vinyl | C6: Jazz | D6: Bewitched | E6: Laufey | F6: 1890 | G6: 15 | H6: =IF(G6>0,"Yes","No") -> Yes
A7: VS-LP-006 | B7: Vinyl | C7: Jazz | D7: A Matter of Time | E7: Laufey | F7: 2150 | G7: 14 | H7: =IF(G7>0,"Yes","No") -> Yes
A8: VS-LP-007 | B8: Vinyl | C8: Rock | D8: L.A. Woman | E8: The Doors | F8: 1650 | G8: 8 | H8: =IF(G8>0,"Yes","No") -> Yes
A9: VS-LP-008 | B9: Vinyl | C9: Rock | D9: Morrison Hotel | E9: The Doors | F9: 1550 | G9: 7 | H9: =IF(G9>0,"Yes","No") -> Yes
A10: VS-LP-009 | B10: Vinyl | C10: Rock | D10: Sheer Heart Attack | E10: Queen | F10: 1750 | G10: 10 | H10: =IF(G10>0,"Yes","No") -> Yes
A11: VS-LP-010 | B11: Vinyl | C11: Rock | D11: Innuendo | E11: Queen | F11: 1850 | G11: 6 | H11: =IF(G11>0,"Yes","No") -> Yes
A12: VS-LP-011 | B12: Vinyl | C12: Rock | D12: Led Zeppelin IV | E12: Led Zeppelin | F12: 1990 | G12: 13 | H12: =IF(G12>0,"Yes","No") -> Yes
A13: VS-LP-012 | B13: Vinyl | C13: Rock | D13: Led Zeppelin II | E13: Led Zeppelin | F13: 1890 | G13: 9 | H13: =IF(G13>0,"Yes","No") -> Yes
... A40: VS-LP-039 | B40: Vinyl | C40: Electronic | D40: Post | E40: Björk | F40: 1690 | G40: 8 | H40: =IF(G40>0,"Yes","No") -> Yes
A41: VS-TT-001 | B41: Record Player | D41: Classic Belt-Drive Turntable | F41: 8990 | G41: 6 | H41: =IF(G41>0,"Yes","No") -> Yes
A42: VS-TT-002 | B42: Record Player | D42: Bluetooth Turntable | F42: 6490 | G42: 9 | H42: =IF(G42>0,"Yes","No") -> Yes
A43: VS-TT-003 | B43: Record Player | D43: Direct-Drive DJ Turntable | F43: 14990 | G43: 3 | H43: =IF(G43>0,"Yes","No") -> Yes
A44: VS-AC-001 | B44: Accessory | D44: Record Cleaning Kit | F44: 590 | G44: 25 | H44: =IF(G44>0,"Yes","No") -> Yes
A45: VS-AC-002 | B45: Accessory | D45: Anti-Static Inner Sleeves (50 pack) | F45: 390 | G45: 40 | H45: =IF(G45>0,"Yes","No") -> Yes
A46: VS-AC-003 | B46: Accessory | D46: Replacement Stylus | F46: 990 | G46: 0 | H46: =IF(G46>0,"Yes","No") -> No

Sheet Summary
A1: Summary
A3: Total products | B3: =COUNTA(Products!A2:A46) -> 45
A4: Vinyl records | B4: =COUNTIF(Products!B2:B46,"Vinyl") -> 39
A5: Record players | B5: =COUNTIF(Products!B2:B46,"Record Player") -> 3
A6: Accessories | B6: =COUNTIF(Products!B2:B46,"Accessory") -> 3
A7: Out of stock | B7: =COUNTIF(Products!G2:G46,0) -> 3
A8: Total units in stock | B8: =SUM(Products!G2:G46) -> 449
A9: Lowest price (TL) | B9: =MIN(Products!F2:F46) -> 390
A10: Highest price (TL) | B10: =MAX(Products!F2:F46) -> 14990
A12: Source: seed.js product data (VS-04). Images not set yet (imageUrl: null).
